Entity,Year,cum_sum_regions,global_share_land_use_extent,foraging,extensive_agriculture,intensive_agriculture,pastoralism,urban,foraging_onset_date,foraging_decline_date,extensive_agriculture_onset,extensive_agriculture_decline,pastoralism_onset,pastoralism_decline,intensive_agriculture_onset,intensive_agriculture_decline,urban_onset,urban_decline
Afghanistan,-8000,,,Widespread,,,,Absent,,,,,,,,,,
Afghanistan,-6000,,,Widespread,Minimal,,,Absent,,,,,,,,,,
Afghanistan,-4000,,,Common,Common,,Common,Absent,,,,,,,,,,
Afghanistan,-2000,,,Minimal,Common,Minimal,Widespread,Present,,,,,,,,,,
Afghanistan,-1000,,,Minimal,Common,Minimal,Widespread,Absent,,,,,,,,,,
Afghanistan,0,,,Minimal,Common,Common,Widespread,Present,-8000.0,-4000.0,-4000.0,1900.0,-4000.0,1900.0,0.0,1900.0,-2000.0,1900.0
Afghanistan,1000,,,,Common,Common,Widespread,Present,,,,,,,,,,
Afghanistan,1500,,,,Common,Common,Widespread,Present,,,,,,,,,,
Afghanistan,1750,,,,Common,Common,Widespread,Present,,,,,,,,,,
Afghanistan,1850,,,,Common,Common,Widespread,Present,,,,,,,,,,
Albania,-8000,,,Widespread,,,,Absent,,,,,,,,,,
Albania,-6000,,,Common,Common,,Common,Absent,,,,,,,,,,
Albania,-4000,,,Common,Common,Minimal,Widespread,Absent,,,,,,,,,,
Albania,-2000,,,Minimal,Common,Common,Widespread,Present,,,,,,,,,,
Albania,-1000,,,Minimal,Common,Widespread,Widespread,Present,,,,,,,,,,
Albania,0,,,Minimal,Widespread,Widespread,Widespread,Present,-8000.0,-4000.0,-6000.0,1900.0,-6000.0,1900.0,-2000.0,1900.0,-2000.0,1900.0
Albania,1000,,,Minimal,Common,Widespread,Widespread,Present,,,,,,,,,,
Albania,1500,,,Minimal,Common,Widespread,Widespread,Present,,,,,,,,,,
Albania,1750,,,Minimal,Common,Widespread,Widespread,Present,,,,,,,,,,
Albania,1850,,,Minimal,Common,Widespread,Widespread,Present,,,,,,,,,,
Algeria,-8000,,,Widespread,,,,Absent,,,,,,,,,,
Algeria,-6000,,,Widespread,,,Minimal,Absent,,,,,,,,,,
Algeria,-4000,,,Common,Minimal,,Common,Absent,,,,,,,,,,
Algeria,-2000,,,Minimal,Minimal,,Widespread,Absent,,,,,,,,,,
Algeria,-1000,,,,Common,,Minimal,Absent,,,,,,,,,,
Algeria,0,,,,Common,,Minimal,Split,,,,,,,,,,
Algeria,1000,,,,Common,,Minimal,Present,,,,,,,,,,
Algeria,1500,,,,Common,,Minimal,Present,,,,,,,,,,
Algeria,1750,,,,Common,,Minimal,Split,,,,,,,,,,
Algeria,1850,,,,Common,,Minimal,Split,,,,,,,,,,
Angola,-8000,,,Widespread,,,,Absent,,,,,,,,,,
Angola,-6000,,,Widespread,,,,Absent,,,,,,,,,,
Angola,-4000,,,Widespread,,,,Absent,,,,,,,,,,
Angola,-2000,,,Widespread,,,,Absent,,,,,,,,,,
Angola,-1000,,,Widespread,Minimal,,,Absent,,,,,,,,,,
Angola,0,,,Widespread,Common,,Minimal,Absent,-8000.0,1550.0,0.0,1900.0,1000.0,1900.0,1800.0,1900.0,1550.0,1900.0
Angola,1000,,,Widespread,Common,,Common,Absent,,,,,,,,,,
Angola,1500,,,Common,Widespread,Minimal,Common,Present,,,,,,,,,,
Angola,1750,,,Minimal,Widespread,Common,Common,Present,,,,,,,,,,
Angola,1850,,,Minimal,Widespread,Common,Common,Present,,,,,,,,,,
Antigua and Barbuda,-8000,,,,,,,Absent,,,,,,,,,,
Antigua and Barbuda,-6000,,,Minimal,,,,Absent,,,,,,,,,,
Antigua and Barbuda,-4000,,,Minimal,,,,Absent,,,,,,,,,,
Antigua and Barbuda,-2000,,,Common,Minimal,,,Absent,,,,,,,,,,
Antigua and Barbuda,-1000,,,Common,Minimal,,,Absent,,,,,,,,,,
Antigua and Barbuda,0,,,Widespread,Common,,,Absent,-2000.0,1900.0,0.0,1900.0,1900.0,1900.0,1800.0,1900.0,1800.0,1900.0
Antigua and Barbuda,1000,,,Widespread,Common,,,Absent,,,,,,,,,,
Antigua and Barbuda,1500,,,Widespread,Common,Minimal,,Absent,,,,,,,,,,
Antigua and Barbuda,1750,,,Common,Common,Widespread,Minimal,Present,,,,,,,,,,
Antigua and Barbuda,1850,,,Common,Common,Widespread,Common,Present,,,,,,,,,,
Armenia,-8000,,,Common,,,Minimal,Absent,,,,,,,,,,
Armenia,-6000,,,Common,Common,Minimal,Common,Absent,,,,,,,,,,
Armenia,-4000,,,Common,Common,Minimal,Common,Absent,,,,,,,,,,
Armenia,-2000,,,Common,Common,Common,Common,Present,,,,,,,,,,
Armenia,-1000,,,Common,Widespread,Widespread,Widespread,Present,,,,,,,,,,
Armenia,0,,,Common,Common,Common,Widespread,Present,-8000.0,1000.0,-6000.0,1000.0,-6000.0,1900.0,-2000.0,1900.0,-2000.0,1900.0
Armenia,1000,,,Common,Common,Common,Widespread,Present,,,,,,,,,,
Armenia,1500,,,Minimal,Minimal,Widespread,Widespread,Present,,,,,,,,,,
Armenia,1750,,,Minimal,Minimal,Common,Widespread,Present,,,,,,,,,,
Armenia,1850,,,Minimal,Minimal,Common,Common,Present,,,,,,,,,,
Aruba,-8000,,,,,,,Absent,,,,,,,,,,
Aruba,-6000,,,Minimal,,,,Absent,,,,,,,,,,
Aruba,-4000,,,Minimal,,,,Absent,,,,,,,,,,
Aruba,-2000,,,Common,Minimal,,,Absent,,,,,,,,,,
Aruba,-1000,,,Common,Minimal,,,Absent,,,,,,,,,,
Aruba,0,,,Widespread,Common,,,Absent,-2000.0,1900.0,0.0,1900.0,1900.0,1900.0,1800.0,1900.0,1800.0,1900.0
Aruba,1000,,,Widespread,Common,,,Absent,,,,,,,,,,
Aruba,1500,,,Widespread,Common,Minimal,,Absent,,,,,,,,,,
Aruba,1750,,,Common,Common,Widespread,Minimal,Present,,,,,,,,,,
Aruba,1850,,,Common,Common,Widespread,Common,Present,,,,,,,,,,
Australia,-8000,,,Widespread,,,,Absent,,,,,,,,,,
Australia,-6000,,,Widespread,,,,Absent,,,,,,,,,,
Australia,-4000,,,Widespread,,,,Absent,,,,,,,,,,
Australia,-2000,,,Widespread,,,,Absent,,,,,,,,,,
Australia,-1000,,,Widespread,,,,Absent,,,,,,,,,,
Australia,0,,,Widespread,,,,Absent,-8000.0,1900.0,1900.0,1900.0,1900.0,1900.0,1900.0,1900.0,1900.0,1900.0
Australia,1000,,,Widespread,,,,Absent,,,,,,,,,,
Australia,1500,,,Widespread,,,,Absent,,,,,,,,,,
Australia,1750,,,Widespread,,,,Absent,,,,,,,,,,
Australia,1850,,,Common,Common,Common,Widespread,Present,,,,,,,,,,
Austria,-8000,,,Widespread,,,,Absent,,,,,,,,,,
Austria,-6000,,,Widespread,,,Minimal,Absent,,,,,,,,,,
Austria,-4000,,,Common,Widespread,Common,Common,Absent,,,,,,,,,,
Austria,-2000,,,Minimal,Widespread,Widespread,Widespread,Absent,,,,,,,,,,
Austria,-1000,,,Minimal,Widespread,Widespread,Widespread,Absent,,,,,,,,,,
Austria,0,,,Minimal,Widespread,Widespread,Widespread,Present,-8000.0,-4000.0,-4000.0,1550.0,-4000.0,1900.0,-4000.0,1900.0,0.0,1900.0
Austria,1000,,,Minimal,Widespread,Widespread,Widespread,Present,,,,,,,,,,
Austria,1500,,,Minimal,Widespread,Widespread,Widespread,Present,,,,,,,,,,
Austria,1750,,,Minimal,Minimal,Widespread,Widespread,Present,,,,,,,,,,
Austria,1850,,,Minimal,Minimal,Widespread,Widespread,Present,,,,,,,,,,
Azerbaijan,-8000,,,Common,,,Minimal,Absent,,,,,,,,,,
Azerbaijan,-6000,,,Common,Common,Minimal,Common,Absent,,,,,,,,,,
Azerbaijan,-4000,,,Common,Common,Minimal,Common,Absent,,,,,,,,,,
Azerbaijan,-2000,,,Common,Common,Common,Common,Present,,,,,,,,,,
Azerbaijan,-1000,,,Common,Widespread,Widespread,Widespread,Present,,,,,,,,,,
Azerbaijan,0,,,Common,Common,Common,Widespread,Present,-8000.0,1000.0,-6000.0,1000.0,-6000.0,1900.0,-2000.0,1900.0,-2000.0,1900.0
Azerbaijan,1000,,,Common,Common,Common,Widespread,Present,,,,,,,,,,
Azerbaijan,1500,,,Minimal,Minimal,Widespread,Widespread,Present,,,,,,,,,,
Azerbaijan,1750,,,Minimal,Minimal,Common,Widespread,Present,,,,,,,,,,
Azerbaijan,1850,,,Minimal,Minimal,Common,Common,Present,,,,,,,,,,
Bahamas,-8000,,,,,,,Absent,,,,,,,,,,
Bahamas,-6000,,,Minimal,,,,Absent,,,,,,,,,,
Bahamas,-4000,,,Minimal,,,,Absent,,,,,,,,,,
Bahamas,-2000,,,Common,Minimal,,,Absent,,,,,,,,,,
Bahamas,-1000,,,Common,Minimal,,,Absent,,,,,,,,,,
Bahamas,0,,,Widespread,Common,,,Absent,-2000.0,1900.0,0.0,1900.0,1900.0,1900.0,1800.0,1900.0,1800.0,1900.0
Bahamas,1000,,,Widespread,Common,,,Absent,,,,,,,,,,
Bahamas,1500,,,Widespread,Common,Minimal,,Absent,,,,,,,,,,
Bahamas,1750,,,Common,Common,Widespread,Minimal,Present,,,,,,,,,,
Bahamas,1850,,,Common,Common,Widespread,Common,Present,,,,,,,,,,
Bangladesh,-8000,,,Common,,,,Absent,,,,,,,,,,
Bangladesh,-6000,,,Common,,,,Absent,,,,,,,,,,
Bangladesh,-4000,,,Common,,,,Absent,,,,,,,,,,
Bangladesh,-2000,,,Common,Minimal,,Minimal,Absent,,,,,,,,,,
Bangladesh,-1000,,,Common,Minimal,Common,Common,Absent,,,,,,,,,,
Bangladesh,0,,,Common,Minimal,Common,Common,Split,,,,,,,,,,
Bangladesh,1000,,,Minimal,Minimal,Common,Common,Present,,,,,,,,,,
Bangladesh,1500,,,Minimal,Minimal,Widespread,Common,Present,,,,,,,,,,
Bangladesh,1750,,,Minimal,Minimal,Widespread,Common,Present,,,,,,,,,,
Bangladesh,1850,,,Minimal,Minimal,Widespread,Common,Present,,,,,,,,,,
Barbados,-8000,,,,,,,Absent,,,,,,,,,,
Barbados,-6000,,,Minimal,,,,Absent,,,,,,,,,,
Barbados,-4000,,,Minimal,,,,Absent,,,,,,,,,,
Barbados,-2000,,,Common,Minimal,,,Absent,,,,,,,,,,
Barbados,-1000,,,Common,Minimal,,,Absent,,,,,,,,,,
Barbados,0,,,Widespread,Common,,,Absent,-2000.0,1900.0,0.0,1900.0,1900.0,1900.0,1800.0,1900.0,1800.0,1900.0
Barbados,1000,,,Widespread,Common,,,Absent,,,,,,,,,,
Barbados,1500,,,Widespread,Common,Minimal,,Absent,,,,,,,,,,
Barbados,1750,,,Common,Common,Widespread,Minimal,Present,,,,,,,,,,
Barbados,1850,,,Common,Common,Widespread,Common,Present,,,,,,,,,,
Belarus,-8000,,,Widespread,,,,Absent,,,,,,,,,,
Belarus,-6000,,,Widespread,,,,Absent,,,,,,,,,,
Belarus,-4000,,,Widespread,,,Minimal,Absent,,,,,,,,,,
Belarus,-2000,,,Common,Common,Minimal,Widespread,Absent,,,,,,,,,,
Belarus,-1000,,,Common,Common,Minimal,Widespread,Absent,,,,,,,,,,
Belarus,0,,,Common,Common,Common,Widespread,Present,-8000.0,1000.0,-2000.0,1900.0,-2000.0,1900.0,0.0,1900.0,0.0,1900.0
Belarus,1000,,,Common,Common,Common,Widespread,Present,,,,,,,,,,
Belarus,1500,,,Minimal,Common,Common,Widespread,Present,,,,,,,,,,
Belarus,1750,,,Minimal,Common,Widespread,Widespread,Present,,,,,,,,,,
Belarus,1850,,,Minimal,Common,Widespread,Widespread,Present,,,,,,,,,,
Belgium,-8000,,,Widespread,,,,Absent,,,,,,,,,,
Belgium,-6000,,,Widespread,,,Minimal,Absent,,,,,,,,,,
Belgium,-4000,,,Common,Widespread,Common,Common,Absent,,,,,,,,,,
Belgium,-2000,,,Minimal,Widespread,Widespread,Widespread,Absent,,,,,,,,,,
Belgium,-1000,,,Minimal,Widespread,Widespread,Widespread,Absent,,,,,,,,,,
Belgium,0,,,Minimal,Widespread,Widespread,Widespread,Present,-8000.0,-4000.0,-4000.0,1550.0,-4000.0,1900.0,-4000.0,1900.0,0.0,1900.0
Belgium,1000,,,Minimal,Widespread,Widespread,Widespread,Present,,,,,,,,,,
Belgium,1500,,,Minimal,Widespread,Widespread,Widespread,Present,,,,,,,,,,
Belgium,1750,,,Minimal,Minimal,Widespread,Widespread,Present,,,,,,,,,,
Belgium,1850,,,Minimal,Minimal,Widespread,Widespread,Present,,,,,,,,,,
Benin,-8000,,,Widespread,,,,Absent,,,,,,,,,,
Benin,-6000,,,Widespread,,,,Absent,,,,,,,,,,
Benin,-4000,,,Widespread,,,,Absent,,,,,,,,,,
Benin,-2000,,,Widespread,Minimal,,,Absent,,,,,,,,,,
Benin,-1000,,,Widespread,Minimal,,,Absent,,,,,,,,,,
Benin,0,,,Widespread,Common,,Minimal,Present,-8000.0,1900.0,0.0,1000.0,1000.0,1900.0,1000.0,1900.0,0.0,1900.0
Benin,1000,,,Common,Common,Common,Common,Present,,,,,,,,,,
Benin,1500,,,Common,Minimal,Common,Common,Present,,,,,,,,,,
Benin,1750,,,Common,Minimal,Common,Common,Present,,,,,,,,,,
Benin,1850,,,Common,Minimal,Widespread,Common,Present,,,,,,,,,,
Bhutan,-8000,,,Widespread,,,,Absent,,,,,,,,,,
Bhutan,-6000,,,Widespread,,,,Absent,,,,,,,,,,
Bhutan,-4000,,,Widespread,Minimal,,,Absent,,,,,,,,,,
Bhutan,-2000,,,Widespread,Common,,,Absent,,,,,,,,,,
Bhutan,-1000,,,Common,Common,,,Absent,,,,,,,,,,
Bhutan,0,,,Common,Common,Minimal,Minimal,Split,,,,,,,,,,
Bhutan,1000,,,Minimal,Widespread,Common,Minimal,Present,,,,,,,,,,
Bhutan,1500,,,Minimal,Widespread,Common,Minimal,Present,,,,,,,,,,
Bhutan,1750,,,Minimal,Widespread,Common,Minimal,Present,,,,,,,,,,
Bhutan,1850,,,Minimal,Widespread,Common,Minimal,Present,,,,,,,,,,
Bosnia and Herzegovina,-8000,,,Widespread,,,,Absent,,,,,,,,,,
Bosnia and Herzegovina,-6000,,,Common,Common,,Common,Absent,,,,,,,,,,
Bosnia and Herzegovina,-4000,,,Common,Common,Minimal,Widespread,Absent,,,,,,,,,,
Bosnia and Herzegovina,-2000,,,Minimal,Common,Common,Widespread,Present,,,,,,,,,,
Bosnia and Herzegovina,-1000,,,Minimal,Common,Widespread,Widespread,Present,,,,,,,,,,
Bosnia and Herzegovina,0,,,Minimal,Widespread,Widespread,Widespread,Present,-8000.0,-4000.0,-6000.0,1900.0,-6000.0,1900.0,-2000.0,1900.0,-2000.0,1900.0
Bosnia and Herzegovina,1000,,,Minimal,Common,Widespread,Widespread,Present,,,,,,,,,,
Bosnia and Herzegovina,1500,,,Minimal,Common,Widespread,Widespread,Present,,,,,,,,,,
Bosnia and Herzegovina,1750,,,Minimal,Common,Widespread,Widespread,Present,,,,,,,,,,
Bosnia and Herzegovina,1850,,,Minimal,Common,Widespread,Widespread,Present,,,,,,,,,,
Botswana,-8000,,,Widespread,,,,Absent,,,,,,,,,,
Botswana,-6000,,,Widespread,,,,Absent,,,,,,,,,,
Botswana,-4000,,,Widespread,,,,Absent,,,,,,,,,,
Botswana,-2000,,,Widespread,,,,Absent,,,,,,,,,,
Botswana,-1000,,,Widespread,,,,Absent,,,,,,,,,,
Botswana,0,,,Widespread,,,Minimal,Absent,,,,,,,,,,
Botswana,1000,,,Common,Common,Minimal,Common,Present,,,,,,,,,,
Botswana,1500,,,Common,Common,Minimal,Common,Present,,,,,,,,,,
Botswana,1750,,,Common,Common,Minimal,Common,Present,,,,,,,,,,
Botswana,1850,,,Common,Common,Minimal,Widespread,Present,,,,,,,,,,
Brazil,-8000,,,Minimal,,,,Absent,,,,,,,,,,
Brazil,-6000,,,Common,,,,Absent,,,,,,,,,,
Brazil,-4000,,,Common,Minimal,,,Absent,,,,,,,,,,
Brazil,-2000,,,Widespread,Minimal,,,Absent,,,,,,,,,,
Brazil,-1000,,,Widespread,Common,Minimal,,Absent,,,,,,,,,,
Brazil,0,,,Widespread,Common,Minimal,,Absent,-6000.0,1900.0,-1000.0,1900.0,1900.0,1900.0,1000.0,1800.0,1000.0,1900.0
Brazil,1000,,,Common,Common,Common,,Present,,,,,,,,,,
Brazil,1500,,,Widespread,Common,Minimal,,Present,,,,,,,,,,
Brazil,1750,,,Common,Common,Common,Minimal,Present,,,,,,,,,,
Brazil,1850,,,Common,Common,Minimal,Common,Present,,,,,,,,,,
Bulgaria,-8000,,,Widespread,,,,Absent,,,,,,,,,,
Bulgaria,-6000,,,Widespread,Common,Minimal,Common,Absent,,,,,,,,,,
Bulgaria,-4000,,,Minimal,Minimal,Widespread,Widespread,Absent,,,,,,,,,,
Bulgaria,-2000,,,Minimal,Minimal,Widespread,Widespread,Absent,,,,,,,,,,
Bulgaria,-1000,,,Minimal,Minimal,Widespread,Widespread,Absent,,,,,,,,,,
Bulgaria,0,,,Common,Minimal,Widespread,Widespread,Present,-8000.0,1000.0,-6000.0,1000.0,-6000.0,1900.0,-4000.0,1900.0,0.0,1900.0
Bulgaria,1000,,,Common,Common,Widespread,Common,Present,,,,,,,,,,
Bulgaria,1500,,,Minimal,Minimal,Widespread,Widespread,Present,,,,,,,,,,
Bulgaria,1750,,,Minimal,Minimal,Widespread,Widespread,Present,,,,,,,,,,
Bulgaria,1850,,,Minimal,Minimal,Widespread,Widespread,Present,,,,,,,,,,
Burkina Faso,-8000,,,Widespread,,,,Absent,,,,,,,,,,
Burkina Faso,-6000,,,Widespread,,,,Absent,,,,,,,,,,
Burkina Faso,-4000,,,Widespread,,,,Absent,,,,,,,,,,
Burkina Faso,-2000,,,Widespread,Minimal,,,Absent,,,,,,,,,,
Burkina Faso,-1000,,,Widespread,Common,,,Absent,,,,,,,,,,
Burkina Faso,0,,,Common,Widespread,Minimal,Common,Split,-8000.0,1550.0,-1000.0,0.0,0.0,1900.0,1000.0,1900.0,1000.0,1900.0
Burkina Faso,1000,,,Common,Minimal,Common,Common,Present,,,,,,,,,,
Burkina Faso,1500,,,Common,Minimal,Common,Widespread,Present,,,,,,,,,,
Burkina Faso,1750,,,Minimal,Minimal,Common,Widespread,Present,,,,,,,,,,
Burkina Faso,1850,,,Minimal,Minimal,Common,Widespread,Present,,,,,,,,,,
Burundi,-8000,,,Minimal,,,,Absent,,,,,,,,,,
Burundi,-6000,,,Minimal,,,,Absent,,,,,,,,,,
Burundi,-4000,,,Common,,,,Absent,,,,,,,,,,
Burundi,-2000,,,Common,,,Minimal,Absent,,,,,,,,,,
Burundi,-1000,,,Common,,,Common,Absent,,,,,,,,,,
Burundi,0,,,Common,Common,Minimal,Common,Present,-4000.0,1000.0,0.0,1900.0,-1000.0,1900.0,1550.0,1900.0,0.0,1900.0
Burundi,1000,,,Common,Common,Minimal,Common,Present,,,,,,,,,,
Burundi,1500,,,Minimal,Widespread,Common,Common,Present,,,,,,,,,,
Burundi,1750,,,Minimal,Widespread,Common,Common,Present,,,,,,,,,,
Burundi,1850,,,Minimal,Widespread,Common,Common,Present,,,,,,,,,,
Cambodia,-8000,,,Common,,,,Absent,,,,,,,,,,
Cambodia,-6000,,,Common,,,,Absent,,,,,,,,,,
Cambodia,-4000,,,Common,,,,Absent,,,,,,,,,,
Cambodia,-2000,,,Common,Minimal,,,Absent,,,,,,,,,,
Cambodia,-1000,,,Common,Common,,,Absent,,,,,,,,,,
Cambodia,0,,,Minimal,Common,Common,,Absent,,,,,,,,,,
Cambodia,1000,,,Minimal,Common,Common,,Present,,,,,,,,,,
Cambodia,1500,,,Minimal,Widespread,Widespread,,Present,,,,,,,,,,
Cambodia,1750,,,Minimal,Widespread,Widespread,,Present,,,,,,,,,,
Cambodia,1850,,,Minimal,Widespread,Widespread,,Present,,,,,,,,,,
Cameroon,-8000,,,Widespread,,,,Absent,,,,,,,,,,
Cameroon,-6000,,,Widespread,,,,Absent,,,,,,,,,,
Cameroon,-4000,,,Widespread,,,,Absent,,,,,,,,,,
Cameroon,-2000,,,Widespread,,,Minimal,Absent,,,,,,,,,,
Cameroon,-1000,,,Common,Common,,Minimal,Absent,,,,,,,,,,
Cameroon,0,,,Common,Widespread,Minimal,Minimal,Present,-8000.0,1900.0,-1000.0,1900.0,1550.0,1900.0,1000.0,1900.0,0.0,1900.0
Cameroon,1000,,,Common,Widespread,Common,Minimal,Present,,,,,,,,,,
Cameroon,1500,,,Common,Widespread,Common,Common,Present,,,,,,,,,,
Cameroon,1750,,,Common,Widespread,Common,Common,Present,,,,,,,,,,
Cameroon,1850,,,Common,Common,Widespread,Common,Present,,,,,,,,,,
Canada,-8000,,,Widespread,,,,Absent,,,,,,,,,,
Canada,-6000,,,Widespread,,,,Absent,,,,,,,,,,
Canada,-4000,,,Widespread,,,,Absent,,,,,,,,,,
Canada,-2000,,,Widespread,,,,Absent,,,,,,,,,,
Canada,-1000,,,Widespread,,,,Absent,,,,,,,,,,
Canada,0,,,Widespread,,,,Absent,-8000.0,1900.0,1000.0,1000.0,1900.0,1900.0,1800.0,1900.0,1800.0,1900.0
Canada,1000,,,Widespread,Common,,,Absent,,,,,,,,,,
Canada,1500,,,Widespread,Minimal,Minimal,,Split,,,,,,,,,,
Canada,1750,,,Widespread,Minimal,Common,,Present,,,,,,,,,,
Canada,1850,,,Widespread,Minimal,Widespread,Common,Present,,,,,,,,,,
Cayman Islands,-8000,,,,,,,Absent,,,,,,,,,,
Cayman Islands,-6000,,,Minimal,,,,Absent,,,,,,,,,,
Cayman Islands,-4000,,,Minimal,,,,Absent,,,,,,,,,,
Cayman Islands,-2000,,,Common,Minimal,,,Absent,,,,,,,,,,
Cayman Islands,-1000,,,Common,Minimal,,,Absent,,,,,,,,,,
Cayman Islands,0,,,Widespread,Common,,,Absent,-2000.0,1900.0,0.0,1900.0,1900.0,1900.0,1800.0,1900.0,1800.0,1900.0
Cayman Islands,1000,,,Widespread,Common,,,Absent,,,,,,,,,,
Cayman Islands,1500,,,Widespread,Common,Minimal,,Absent,,,,,,,,,,
Cayman Islands,1750,,,Common,Common,Widespread,Minimal,Present,,,,,,,,,,
Cayman Islands,1850,,,Common,Common,Widespread,Common,Present,,,,,,,,,,
Central African Republic,-8000,,,Widespread,,,,Absent,,,,,,,,,,
Central African Republic,-6000,,,Widespread,,,,Absent,,,,,,,,,,
Central African Republic,-4000,,,Widespread,,,Minimal,Absent,,,,,,,,,,
Central African Republic,-2000,,,Common,,,Common,Absent,,,,,,,,,,
Central African Republic,-1000,,,Minimal,,,Common,Absent,,,,,,,,,,
Central African Republic,0,,,Minimal,Common,,Widespread,Absent,,,,,,,,,,
Central African Republic,1000,,,,Widespread,,Widespread,Split,,,,,,,,,,
Central African Republic,1500,,,Minimal,Common,,Widespread,Present,,,,,,,,,,
Central African Republic,1750,,,Minimal,Common,,Widespread,Present,,,,,,,,,,
Central African Republic,1850,,,Minimal,Common,,Widespread,Present,,,,,,,,,,
Chad,-8000,,,Widespread,,,,Absent,,,,,,,,,,
Chad,-6000,,,Widespread,,,,Absent,,,,,,,,,,
Chad,-4000,,,Widespread,,,Minimal,Absent,,,,,,,,,,
Chad,-2000,,,Common,,,Common,Absent,,,,,,,,,,
Chad,-1000,,,Minimal,,,Common,Absent,,,,,,,,,,
Chad,0,,,Minimal,Common,,Widespread,Absent,,,,,,,,,,
Chad,1000,,,,Widespread,,Widespread,Split,,,,,,,,,,
Chad,1500,,,Minimal,Common,,Widespread,Present,,,,,,,,,,
Chad,1750,,,Minimal,Common,,Widespread,Present,,,,,,,,,,
Chad,1850,,,Minimal,Common,,Widespread,Present,,,,,,,,,,
China,-8000,,,Widespread,,,,Absent,,,,,,,,,,
China,-6000,,,Widespread,Common,,,Absent,,,,,,,,,,
China,-4000,,,Common,Widespread,Minimal,,Split,,,,,,,,,,
China,-2000,,,Common,Common,Common,,Present,,,,,,,,,,
China,-1000,,,Minimal,Widespread,Widespread,,Present,,,,,,,,,,
China,0,,,Minimal,Widespread,Widespread,,Present,,,,,,,,,,
China,1000,,,,Common,Widespread,,Present,,,,,,,,,,
China,1500,,,,Common,Widespread,,Present,,,,,,,,,,
China,1750,,,,Common,Widespread,,Present,,,,,,,,,,
China,1850,,,,Minimal,Widespread,,Present,,,,,,,,,,
Congo,-8000,,,Widespread,,,,Absent,,,,,,,,,,
Congo,-6000,,,Widespread,,,,Absent,,,,,,,,,,
Congo,-4000,,,Widespread,,,,Absent,,,,,,,,,,
Congo,-2000,,,Widespread,,,Minimal,Absent,,,,,,,,,,
Congo,-1000,,,Common,Common,,Minimal,Absent,,,,,,,,,,
Congo,0,,,Common,Widespread,Minimal,Minimal,Present,-8000.0,1900.0,-1000.0,1900.0,1550.0,1900.0,1000.0,1900.0,0.0,1900.0
Congo,1000,,,Common,Widespread,Common,Minimal,Present,,,,,,,,,,
Congo,1500,,,Common,Widespread,Common,Common,Present,,,,,,,,,,
Congo,1750,,,Common,Widespread,Common,Common,Present,,,,,,,,,,
Congo,1850,,,Common,Common,Widespread,Common,Present,,,,,,,,,,
Costa Rica,-8000,,,Common,,,,Absent,,,,,,,,,,
Costa Rica,-6000,,,Widespread,Minimal,,,Absent,,,,,,,,,,
Costa Rica,-4000,,,Widespread,Minimal,,,Absent,,,,,,,,,,
Costa Rica,-2000,,,Common,Common,,,Absent,,,,,,,,,,
Costa Rica,-1000,,,Widespread,Common,,,Absent,,,,,,,,,,
Costa Rica,0,,,Widespread,Widespread,Minimal,,Absent,-8000.0,1900.0,-2000.0,1900.0,1800.0,1900.0,1000.0,1900.0,1000.0,1900.0
Costa Rica,1000,,,Widespread,Widespread,Common,,Present,,,,,,,,,,
Costa Rica,1500,,,Widespread,Widespread,Minimal,,Present,,,,,,,,,,
Costa Rica,1750,,,Widespread,Widespread,Common,Common,Present,,,,,,,,,,
Costa Rica,1850,,,Common,Widespread,Widespread,Common,Present,,,,,,,,,,
Cote d'Ivoire,-8000,,,Widespread,,,,Absent,,,,,,,,,,
Cote d'Ivoire,-6000,,,Widespread,,,,Absent,,,,,,,,,,
Cote d'Ivoire,-4000,,,Widespread,,,,Absent,,,,,,,,,,
Cote d'Ivoire,-2000,,,Widespread,,,,Absent,,,,,,,,,,
Cote d'Ivoire,-1000,,,Widespread,,,,Absent,,,,,,,,,,
Cote d'Ivoire,0,,,Widespread,Widespread,,,Absent,,,,,,,,,,
Cote d'Ivoire,1000,,,Widespread,Common,Common,,Present,,,,,,,,,,
Cote d'Ivoire,1500,,,Widespread,Minimal,Widespread,,Present,,,,,,,,,,
Cote d'Ivoire,1750,,,Widespread,Common,Widespread,,Present,,,,,,,,,,
Cote d'Ivoire,1850,,,Widespread,Common,Widespread,,Present,,,,,,,,,,
Croatia,-8000,,,Widespread,,,,Absent,,,,,,,,,,
Croatia,-6000,,,Common,Common,,Common,Absent,,,,,,,,,,
Croatia,-4000,,,Common,Common,Minimal,Widespread,Absent,,,,,,,,,,
Croatia,-2000,,,Minimal,Common,Common,Widespread,Present,,,,,,,,,,
Croatia,-1000,,,Minimal,Common,Widespread,Widespread,Present,,,,,,,,,,
Croatia,0,,,Minimal,Widespread,Widespread,Widespread,Present,-8000.0,-4000.0,-6000.0,1900.0,-6000.0,1900.0,-2000.0,1900.0,-2000.0,1900.0
Croatia,1000,,,Minimal,Common,Widespread,Widespread,Present,,,,,,,,,,
Croatia,1500,,,Minimal,Common,Widespread,Widespread,Present,,,,,,,,,,
Croatia,1750,,,Minimal,Common,Widespread,Widespread,Present,,,,,,,,,,
Croatia,1850,,,Minimal,Common,Widespread,Widespread,Present,,,,,,,,,,
Curacao,-8000,,,,,,,Absent,,,,,,,,,,
Curacao,-6000,,,Minimal,,,,Absent,,,,,,,,,,
Curacao,-4000,,,Minimal,,,,Absent,,,,,,,,,,
Curacao,-2000,,,Common,Minimal,,,Absent,,,,,,,,,,
Curacao,-1000,,,Common,Minimal,,,Absent,,,,,,,,,,
Curacao,0,,,Widespread,Common,,,Absent,-2000.0,1900.0,0.0,1900.0,1900.0,1900.0,1800.0,1900.0,1800.0,1900.0
Curacao,1000,,,Widespread,Common,,,Absent,,,,,,,,,,
Curacao,1500,,,Widespread,Common,Minimal,,Absent,,,,,,,,,,
Curacao,1750,,,Common,Common,Widespread,Minimal,Present,,,,,,,,,,
Curacao,1850,,,Common,Common,Widespread,Common,Present,,,,,,,,,,
Cyprus,-8000,,,Widespread,Common,Minimal,Minimal,Absent,,,,,,,,,,
Cyprus,-6000,,,Common,Common,Common,Common,Absent,,,,,,,,,,
Cyprus,-4000,,,Minimal,Common,Common,Widespread,Present,,,,,,,,,,
Cyprus,-2000,,,Minimal,Common,Widespread,Widespread,Present,,,,,,,,,,
Cyprus,-1000,,,Minimal,Common,Widespread,Widespread,Present,,,,,,,,,,
Cyprus,0,,,Minimal,Common,Widespread,Widespread,Present,-8000.0,-6000.0,-8000.0,1900.0,-6000.0,1900.0,-6000.0,1900.0,-4000.0,1900.0
Cyprus,1000,,,Minimal,Common,Widespread,Widespread,Present,,,,,,,,,,
Cyprus,1500,,,Minimal,Common,Widespread,Widespread,Present,,,,,,,,,,
Cyprus,1750,,,Minimal,Common,Widespread,Widespread,Present,,,,,,,,,,
Cyprus,1850,,,Minimal,Common,Widespread,Widespread,Present,,,,,,,,,,
Czechia,-8000,,,Widespread,,,,Absent,,,,,,,,,,
Czechia,-6000,,,Widespread,Common,,Common,Absent,,,,,,,,,,
Czechia,-4000,,,Widespread,Widespread,,Widespread,Absent,,,,,,,,,,
Czechia,-2000,,,Common,Widespread,,Widespread,Absent,,,,,,,,,,
Czechia,-1000,,,Minimal,Widespread,,Widespread,Absent,,,,,,,,,,
Czechia,0,,,Minimal,Widespread,,Widespread,Split,-8000.0,-2000.0,-6000.0,1900.0,-6000.0,1900.0,1800.0,1900.0,1550.0,1900.0
Czechia,1000,,,Minimal,Widespread,,Common,Split,,,,,,,,,,
Czechia,1500,,,Minimal,Widespread,Minimal,Widespread,Present,,,,,,,,,,
Czechia,1750,,,Minimal,Widespread,Common,Widespread,Present,,,,,,,,,,
Czechia,1850,,,Minimal,Widespread,Common,Widespread,Present,,,,,,,,,,
Democratic Republic of Congo,-8000,,,Widespread,,,,Absent,,,,,,,,,,
Democratic Republic of Congo,-6000,,,Widespread,,,,Absent,,,,,,,,,,
Democratic Republic of Congo,-4000,,,Widespread,,,,Absent,,,,,,,,,,
Democratic Republic of Congo,-2000,,,Widespread,,,,Absent,,,,,,,,,,
Democratic Republic of Congo,-1000,,,Widespread,,,,Absent,,,,,,,,,,
Democratic Republic of Congo,0,,,Widespread,Common,,,Absent,,,,,,,,,,
Democratic Republic of Congo,1000,,,Widespread,Common,Minimal,,Absent,,,,,,,,,,
Democratic Republic of Congo,1500,,,Widespread,Common,Common,,Present,,,,,,,,,,
Democratic Republic of Congo,1750,,,Widespread,Common,Common,,Present,,,,,,,,,,
Democratic Republic of Congo,1850,,,Widespread,Common,Widespread,,Present,,,,,,,,,,
Denmark,-8000,,,Widespread,,,,Absent,,,,,,,,,,
Denmark,-6000,,,Widespread,,,Minimal,Absent,,,,,,,,,,
Denmark,-4000,,,Common,Widespread,Common,Common,Absent,,,,,,,,,,
Denmark,-2000,,,Minimal,Widespread,Widespread,Widespread,Absent,,,,,,,,,,
Denmark,-1000,,,Minimal,Widespread,Widespread,Widespread,Absent,,,,,,,,,,
Denmark,0,,,Minimal,Widespread,Widespread,Widespread,Present,-8000.0,-4000.0,-4000.0,1550.0,-4000.0,1900.0,-4000.0,1900.0,0.0,1900.0
Denmark,1000,,,Minimal,Widespread,Widespread,Widespread,Present,,,,,,,,,,
Denmark,1500,,,Minimal,Widespread,Widespread,Widespread,Present,,,,,,,,,,
Denmark,1750,,,Minimal,Minimal,Widespread,Widespread,Present,,,,,,,,,,
Denmark,1850,,,Minimal,Minimal,Widespread,Widespread,Present,,,,,,,,,,
Djibouti,-8000,,,Common,,,,Absent,,,,,,,,,,
Djibouti,-6000,,,Minimal,Minimal,,Minimal,Absent,,,,,,,,,,
Djibouti,-4000,,,Minimal,Minimal,,Minimal,Absent,,,,,,,,,,
Djibouti,-2000,,,Minimal,,,Minimal,Present,,,,,,,,,,
Djibouti,-1000,,,Minimal,Minimal,,Common,Present,,,,,,,,,,
Djibouti,0,,,Minimal,Widespread,Common,Common,Present,-8000.0,-8000.0,0.0,1900.0,-1000.0,1900.0,0.0,1900.0,-2000.0,1900.0
Djibouti,1000,,,Minimal,Common,Common,Common,Present,,,,,,,,,,
Djibouti,1500,,,Minimal,Common,Common,Common,Absent,,,,,,,,,,
Djibouti,1750,,,Minimal,Common,Common,Common,Absent,,,,,,,,,,
Djibouti,1850,,,Minimal,Common,Common,Common,Present,,,,,,,,,,
Dominica,-8000,,,,,,,Absent,,,,,,,,,,
Dominica,-6000,,,Minimal,,,,Absent,,,,,,,,,,
Dominica,-4000,,,Minimal,,,,Absent,,,,,,,,,,
Dominica,-2000,,,Common,Minimal,,,Absent,,,,,,,,,,
Dominica,-1000,,,Common,Minimal,,,Absent,,,,,,,,,,
Dominica,0,,,Widespread,Common,,,Absent,-2000.0,1900.0,0.0,1900.0,1900.0,1900.0,1800.0,1900.0,1800.0,1900.0
Dominica,1000,,,Widespread,Common,,,Absent,,,,,,,,,,
Dominica,1500,,,Widespread,Common,Minimal,,Absent,,,,,,,,,,
Dominica,1750,,,Common,Common,Widespread,Minimal,Present,,,,,,,,,,
Dominica,1850,,,Common,Common,Widespread,Common,Present,,,,,,,,,,
Dominican Republic,-8000,,,,,,,Absent,,,,,,,,,,
Dominican Republic,-6000,,,Minimal,,,,Absent,,,,,,,,,,
Dominican Republic,-4000,,,Minimal,,,,Absent,,,,,,,,,,
Dominican Republic,-2000,,,Common,Minimal,,,Absent,,,,,,,,,,
Dominican Republic,-1000,,,Common,Minimal,,,Absent,,,,,,,,,,
Dominican Republic,0,,,Widespread,Common,,,Absent,-2000.0,1900.0,0.0,1900.0,1900.0,1900.0,1800.0,1900.0,1800.0,1900.0
Dominican Republic,1000,,,Widespread,Common,,,Absent,,,,,,,,,,
Dominican Republic,1500,,,Widespread,Common,Minimal,,Absent,,,,,,,,,,
Dominican Republic,1750,,,Common,Common,Widespread,Minimal,Present,,,,,,,,,,
Dominican Republic,1850,,,Common,Common,Widespread,Common,Present,,,,,,,,,,
Egypt,-8000,,,Widespread,,,,Absent,,,,,,,,,,
Egypt,-6000,,,Widespread,,,Minimal,Absent,,,,,,,,,,
Egypt,-4000,,,Widespread,Common,Minimal,Widespread,Absent,,,,,,,,,,
Egypt,-2000,,,Common,Minimal,Widespread,Common,Present,,,,,,,,,,
Egypt,-1000,,,Common,Minimal,Widespread,Common,Present,,,,,,,,,,
Egypt,0,,,Common,Minimal,Widespread,Widespread,Present,-8000.0,1900.0,-4000.0,-4000.0,-4000.0,1900.0,-2000.0,1900.0,-2000.0,1900.0
Egypt,1000,,,Common,Minimal,Widespread,Widespread,Present,,,,,,,,,,
Egypt,1500,,,Common,Minimal,Widespread,Widespread,Present,,,,,,,,,,
Egypt,1750,,,Common,Minimal,Common,Common,Present,,,,,,,,,,
Egypt,1850,,,Common,Minimal,Common,Common,Present,,,,,,,,,,
Equatorial Guinea,-8000,,,Widespread,,,,Absent,,,,,,,,,,
Equatorial Guinea,-6000,,,Widespread,,,,Absent,,,,,,,,,,
Equatorial Guinea,-4000,,,Widespread,,,,Absent,,,,,,,,,,
Equatorial Guinea,-2000,,,Widespread,,,Minimal,Absent,,,,,,,,,,
Equatorial Guinea,-1000,,,Common,Common,,Minimal,Absent,,,,,,,,,,
Equatorial Guinea,0,,,Common,Widespread,Minimal,Minimal,Present,-8000.0,1900.0,-1000.0,1900.0,1550.0,1900.0,1000.0,1900.0,0.0,1900.0
Equatorial Guinea,1000,,,Common,Widespread,Common,Minimal,Present,,,,,,,,,,
Equatorial Guinea,1500,,,Common,Widespread,Common,Common,Present,,,,,,,,,,
Equatorial Guinea,1750,,,Common,Widespread,Common,Common,Present,,,,,,,,,,
Equatorial Guinea,1850,,,Common,Common,Widespread,Common,Present,,,,,,,,,,
Eritrea,-8000,,,Common,,,,Absent,,,,,,,,,,
Eritrea,-6000,,,Minimal,Minimal,,Minimal,Absent,,,,,,,,,,
Eritrea,-4000,,,Minimal,Minimal,,Minimal,Absent,,,,,,,,,,
Eritrea,-2000,,,Minimal,,,Minimal,Present,,,,,,,,,,
Eritrea,-1000,,,Minimal,Minimal,,Common,Present,,,,,,,,,,
Eritrea,0,,,Minimal,Widespread,Common,Common,Present,-8000.0,-8000.0,0.0,1900.0,-1000.0,1900.0,0.0,1900.0,-2000.0,1900.0
Eritrea,1000,,,Minimal,Common,Common,Common,Present,,,,,,,,,,
Eritrea,1500,,,Minimal,Common,Common,Common,Absent,,,,,,,,,,
Eritrea,1750,,,Minimal,Common,Common,Common,Absent,,,,,,,,,,
Eritrea,1850,,,Minimal,Common,Common,Common,Present,,,,,,,,,,
Estonia,-8000,,,Minimal,,,,Absent,,,,,,,,,,
Estonia,-6000,,,Widespread,,,,Absent,,,,,,,,,,
Estonia,-4000,,,Widespread,Minimal,,,Absent,,,,,,,,,,
Estonia,-2000,,,Widespread,Minimal,Minimal,Minimal,Absent,,,,,,,,,,
Estonia,-1000,,,Widespread,Common,Minimal,Common,Absent,,,,,,,,,,
Estonia,0,,,Widespread,Common,Minimal,Common,Absent,-6000.0,1900.0,-1000.0,1900.0,-1000.0,1900.0,1000.0,1900.0,1000.0,1900.0
Estonia,1000,,,Common,Common,Common,Widespread,Present,,,,,,,,,,
Estonia,1500,,,Common,Common,Common,Widespread,Present,,,,,,,,,,
Estonia,1750,,,Common,Common,Common,Widespread,Present,,,,,,,,,,
Estonia,1850,,,Common,Common,Common,Widespread,Present,,,,,,,,,,
Ethiopia,-8000,,,Widespread,,,,Absent,,,,,,,,,,
Ethiopia,-6000,,,Widespread,,,,Absent,,,,,,,,,,
Ethiopia,-4000,,,Widespread,,,Minimal,Absent,,,,,,,,,,
Ethiopia,-2000,,,Common,Minimal,,Common,Absent,,,,,,,,,,
Ethiopia,-1000,,,Common,Common,,Common,Absent,,,,,,,,,,
Ethiopia,0,,,Common,Common,Minimal,Common,Present,-8000.0,1800.0,-1000.0,1900.0,-2000.0,1900.0,1000.0,1900.0,0.0,1900.0
Ethiopia,1000,,,Minimal,Common,Common,Widespread,Present,,,,,,,,,,
Ethiopia,1500,,,Common,Common,Common,Widespread,Present,,,,,,,,,,
Ethiopia,1750,,,Common,Widespread,Widespread,Widespread,Present,,,,,,,,,,
Ethiopia,1850,,,Minimal,Widespread,Widespread,Widespread,Present,,,,,,,,,,
Extensive Agriculture,-8000,,0.001532455,,,,,,,,,,,,,,,
Extensive Agriculture,-7901,,0.0017427389999999,,,,,,,,,,,,,,,
Extensive Agriculture,-7801,,0.001981754,,,,,,,,,,,,,,,
Extensive Agriculture,-7702,,0.002253327,,,,,,,,,,,,,,,
Extensive Agriculture,-7602,,0.002561762,,,,,,,,,,,,,,,
Extensive Agriculture,-7503,,0.0029119059999999,,,,,,,,,,,,,,,
Extensive Agriculture,-7403,,0.003309197,,,,,,,,,,,,,,,
Extensive Agriculture,-7304,,0.003759738,,,,,,,,,,,,,,,
Extensive Agriculture,-7204,,0.004270362,,,,,,,,,,,,,,,
Extensive Agriculture,-7105,,0.004848709,,,,,,,,,,,,,,,
Extensive Agriculture,-7005,,0.005503304,,,,,,,,,,,,,,,
Extensive Agriculture,-6906,,0.006243644,,,,,,,,,,,,,,,
Extensive Agriculture,-6806,,0.007080286,,,,,,,,,,,,,,,
Extensive Agriculture,-6707,,0.00802494,,,,,,,,,,,,,,,
Extensive Agriculture,-6607,,0.009090563,,,,,,,,,,,,,,,
Extensive Agriculture,-6508,,0.010291456,,,,,,,,,,,,,,,
Extensive Agriculture,-6408,,0.011643357,,,,,,,,,,,,,,,
Extensive Agriculture,-6309,,0.013163538,,,,,,,,,,,,,,,
Extensive Agriculture,-6209,,0.014870887,,,,,,,,,,,,,,,
Extensive Agriculture,-6110,,0.016785988,,,,,,,,,,,,,,,
Extensive Agriculture,-6010,,0.018931186,,,,,,,,,,,,,,,
Extensive Agriculture,-5911,,0.021330522,,,,,,,,,,,,,,,
Extensive Agriculture,-5811,,0.024009169,,,,,,,,,,,,,,,
Extensive Agriculture,-5712,,0.026993492,,,,,,,,,,,,,,,
Extensive Agriculture,-5612,,0.030311041,,,,,,,,,,,,,,,
Extensive Agriculture,-5513,,0.033990318,,,,,,,,,,,,,,,
Extensive Agriculture,-5413,,0.038060483,,,,,,,,,,,,,,,
Extensive Agriculture,-5314,,0.0425509779999999,,,,,,,,,,,,,,,
Extensive Agriculture,-5214,,0.0474910759999999,,,,,,,,,,,,,,,
Extensive Agriculture,-5115,,0.052909352,,,,,,,,,,,,,,,
Extensive Agriculture,-5015,,0.058833067,,,,,,,,,,,,,,,
Extensive Agriculture,-4916,,0.065287491,,,,,,,,,,,,,,,
Extensive Agriculture,-4816,,0.0722951459999999,,,,,,,,,,,,,,,
Extensive Agriculture,-4717,,0.0798750179999999,,,,,,,,,,,,,,,
Extensive Agriculture,-4617,,0.088041723,,,,,,,,,,,,,,,
Extensive Agriculture,-4518,,0.096804688,,,,,,,,,,,,,,,
Extensive Agriculture,-4418,,0.106167346,,,,,,,,,,,,,,,
Extensive Agriculture,-4319,,0.116126399,,,,,,,,,,,,,,,
Extensive Agriculture,-4219,,0.126671178,,,,,,,,,,,,,,,
Extensive Agriculture,-4120,,0.137783135,,,,,,,,,,,,,,,
Extensive Agriculture,-4020,,0.149435504,,,,,,,,,,,,,,,
Extensive Agriculture,-3921,,0.16159617,,,,,,,,,,,,,,,
Extensive Agriculture,-3821,,0.174249403,,,,,,,,,,,,,,,
Extensive Agriculture,-3722,,0.187389214,,,,,,,,,,,,,,,
Extensive Agriculture,-3622,,0.201010795,,,,,,,,,,,,,,,
Extensive Agriculture,-3523,,0.215110716,,,,,,,,,,,,,,,
Extensive Agriculture,-3423,,0.229687078,,,,,,,,,,,,,,,
Extensive Agriculture,-3324,,0.244739596,,,,,,,,,,,,,,,
Extensive Agriculture,-3224,,0.260269577,,,,,,,,,,,,,,,
Extensive Agriculture,-3125,,0.276279798,,,,,,,,,,,,,,,
Extensive Agriculture,-3025,,0.292774293,,,,,,,,,,,,,,,
Extensive Agriculture,-2926,,0.309758013,,,,,,,,,,,,,,,
Extensive Agriculture,-2826,,0.327236392,,,,,,,,,,,,,,,
Extensive Agriculture,-2727,,0.345214794,,,,,,,,,,,,,,,
Extensive Agriculture,-2627,,0.3636978429999999,,,,,,,,,,,,,,,
Extensive Agriculture,-2528,,0.382688653,,,,,,,,,,,,,,,
Extensive Agriculture,-2428,,0.402187941,,,,,,,,,,,,,,,
Extensive Agriculture,-2329,,0.422193053,,,,,,,,,,,,,,,
Extensive Agriculture,-2229,,0.442696903,,,,,,,,,,,,,,,
Extensive Agriculture,-2130,,0.463686849,,,,,,,,,,,,,,,
Extensive Agriculture,-2030,,0.485143542,,,,,,,,,,,,,,,
Extensive Agriculture,-1931,,0.507031946,,,,,,,,,,,,,,,
Extensive Agriculture,-1831,,0.529226334,,,,,,,,,,,,,,,
Extensive Agriculture,-1732,,0.5515453379999999,,,,,,,,,,,,,,,
Extensive Agriculture,-1632,,0.573804981,,,,,,,,,,,,,,,
Extensive Agriculture,-1533,,0.595824471,,,,,,,,,,,,,,,
Extensive Agriculture,-1433,,0.617431206,,,,,,,,,,,,,,,
Extensive Agriculture,-1334,,0.638465298,,,,,,,,,,,,,,,
Extensive Agriculture,-1234,,0.658783337,,,,,,,,,,,,,,,
Extensive Agriculture,-1135,,0.6782611620000001,,,,,,,,,,,,,,,
Extensive Agriculture,-1035,,0.696795548,,,,,,,,,,,,,,,
Extensive Agriculture,-936,,0.714307117,,,,,,,,,,,,,,,
Extensive Agriculture,-836,,0.730765522,,,,,,,,,,,,,,,
Extensive Agriculture,-737,,0.746174255,,,,,,,,,,,,,,,
Extensive Agriculture,-637,,0.7605476720000001,,,,,,,,,,,,,,,
Extensive Agriculture,-538,,0.773908712,,,,,,,,,,,,,,,
Extensive Agriculture,-438,,0.786287078,,,,,,,,,,,,,,,
Extensive Agriculture,-339,,0.7977175320000001,,,,,,,,,,,,,,,
Extensive Agriculture,-239,,0.8082383479999999,,,,,,,,,,,,,,,
Extensive Agriculture,-140,,0.817889938,,,,,,,,,,,,,,,
Extensive Agriculture,-40,,0.826713652,,,,,,,,,,,,,,,
Extensive Agriculture,59,,0.834751481,,,,,,,,,,,,,,,
Extensive Agriculture,159,,0.842054911,,,,,,,,,,,,,,,
Extensive Agriculture,258,,0.84868023,,,,,,,,,,,,,,,
Extensive Agriculture,358,,0.8546794940000001,,,,,,,,,,,,,,,
Extensive Agriculture,457,,0.860100373,,,,,,,,,,,,,,,
Extensive Agriculture,557,,0.8649862970000001,,,,,,,,,,,,,,,
Extensive Agriculture,656,,0.869376652,,,,,,,,,,,,,,,
Extensive Agriculture,756,,0.873306996,,,,,,,,,,,,,,,
Extensive Agriculture,855,,0.876809292,,,,,,,,,,,,,,,
Extensive Agriculture,955,,0.8799121390000001,,,,,,,,,,,,,,,
Extensive Agriculture,1054,,0.8826417259999999,,,,,,,,,,,,,,,
Extensive Agriculture,1154,,0.8850347159999999,,,,,,,,,,,,,,,
Extensive Agriculture,1253,,0.887136003,,,,,,,,,,,,,,,
Extensive Agriculture,1353,,0.88898713,,,,,,,,,,,,,,,
Extensive Agriculture,1452,,0.8906265040000001,,,,,,,,,,,,,,,
Extensive Agriculture,1552,,0.892090787,,,,,,,,,,,,,,,
Extensive Agriculture,1651,,0.893432045,,,,,,,,,,,,,,,
Extensive Agriculture,1751,,0.894716429,,,,,,,,,,,,,,,
Extensive Agriculture,1850,,0.8959938890000001,,,,,,,,,,,,,,,
Extensive Agriculture Common,-8000,0.2364066189999999,,,,,,,,,,,,,,,,
Extensive Agriculture Common,-6000,1.891252955,,,,,,,,,,,,,,,,
Extensive Agriculture Common,-4000,4.255319149,,,,,,,,,,,,,,,,
Extensive Agriculture Common,-2000,9.692671395,,,,,,,,,,,,,,,,
Extensive Agriculture Common,-1000,13.94799054,,,,,,,,,,,,,,,,
Extensive Agriculture Common,0,13.00236407,,,,,,,,,,,,,,,,
Extensive Agriculture Common,1000,16.54846336,,,,,,,,,,,,,,,,
Extensive Agriculture Common,1550,12.05673759,,,,,,,,,,,,,,,,
Extensive Agriculture Common,1800,13.475177300000002,,,,,,,,,,,,,,,,
Extensive Agriculture Common,1900,14.89361702,,,,,,,,,,,,,,,,
Extensive Agriculture Widespread,-8000,0.4629629629999999,,,,,,,,,,,,,,,,
Extensive Agriculture Widespread,-6000,0.4629629629999999,,,,,,,,,,,,,,,,
Extensive Agriculture Widespread,-4000,1.388888889,,,,,,,,,,,,,,,,
Extensive Agriculture Widespread,-2000,2.777777778,,,,,,,,,,,,,,,,
Extensive Agriculture Widespread,-1000,7.407407407000001,,,,,,,,,,,,,,,,
Extensive Agriculture Widespread,0,15.74074074,,,,,,,,,,,,,,,,
Extensive Agriculture Widespread,1000,13.88888889,,,,,,,,,,,,,,,,
Extensive Agriculture Widespread,1550,19.90740741,,,,,,,,,,,,,,,,
Extensive Agriculture Widespread,1800,18.98148148,,,,,,,,,,,,,,,,
Extensive Agriculture Widespread,1900,18.98148148,,,,,,,,,,,,,,,,
Finland,-8000,,,Minimal,,,,Absent,,,,,,,,,,
Finland,-6000,,,Widespread,,,,Absent,,,,,,,,,,
Finland,-4000,,,Widespread,Minimal,,,Absent,,,,,,,,,,
Finland,-2000,,,Widespread,Minimal,Minimal,Minimal,Absent,,,,,,,,,,
Finland,-1000,,,Widespread,Common,Minimal,Common,Absent,,,,,,,,,,
Finland,0,,,Widespread,Common,Minimal,Common,Absent,-6000.0,1900.0,-1000.0,1900.0,-1000.0,1900.0,1000.0,1900.0,1000.0,1900.0
Finland,1000,,,Common,Common,Common,Widespread,Present,,,,,,,,,,
Finland,1500,,,Common,Common,Common,Widespread,Present,,,,,,,,,,
Finland,1750,,,Common,Common,Common,Widespread,Present,,,,,,,,,,
Finland,1850,,,Common,Common,Common,Widespread,Present,,,,,,,,,,
Foraging,-8000,,0.7724971420000001,,,,,,,,,,,,,,,
Foraging,-7901,,0.7733313079999999,,,,,,,,,,,,,,,
Foraging,-7801,,0.774162259,,,,,,,,,,,,,,,
Foraging,-7702,,0.7749889529999999,,,,,,,,,,,,,,,
Foraging,-7602,,0.775810358,,,,,,,,,,,,,,,
Foraging,-7503,,0.7766254570000001,,,,,,,,,,,,,,,
Foraging,-7403,,0.777433239,,,,,,,,,,,,,,,
Foraging,-7304,,0.778232707,,,,,,,,,,,,,,,
Foraging,-7204,,0.779022873,,,,,,,,,,,,,,,
Foraging,-7105,,0.7798027590000001,,,,,,,,,,,,,,,
Foraging,-7005,,0.780571398,,,,,,,,,,,,,,,
Foraging,-6906,,0.7813278309999999,,,,,,,,,,,,,,,
Foraging,-6806,,0.7820711109999999,,,,,,,,,,,,,,,
Foraging,-6707,,0.7828002959999999,,,,,,,,,,,,,,,
Foraging,-6607,,0.783514457,,,,,,,,,,,,,,,
Foraging,-6508,,0.78421267,,,,,,,,,,,,,,,
Foraging,-6408,,0.7848940190000001,,,,,,,,,,,,,,,
Foraging,-6309,,0.785557596,,,,,,,,,,,,,,,
Foraging,-6209,,0.7862025009999999,,,,,,,,,,,,,,,
Foraging,-6110,,0.786827836,,,,,,,,,,,,,,,
Foraging,-6010,,0.787432712,,,,,,,,,,,,,,,
Foraging,-5911,,0.7880151540000001,,,,,,,,,,,,,,,
Foraging,-5811,,0.7885672990000001,,,,,,,,,,,,,,,
Foraging,-5712,,0.7890793429999999,,,,,,,,,,,,,,,
Foraging,-5612,,0.78954154,,,,,,,,,,,,,,,
Foraging,-5513,,0.7899441840000001,,,,,,,,,,,,,,,
Foraging,-5413,,0.7902775940000001,,,,,,,,,,,,,,,
Foraging,-5314,,0.790532089,,,,,,,,,,,,,,,
Foraging,-5214,,0.790697966,,,,,,,,,,,,,,,
Foraging,-5115,,0.790765465,,,,,,,,,,,,,,,
Foraging,-5015,,0.790724743,,,,,,,,,,,,,,,
Foraging,-4916,,0.7905658329999999,,,,,,,,,,,,,,,
Foraging,-4816,,0.790278609,,,,,,,,,,,,,,,
Foraging,-4717,,0.789852737,,,,,,,,,,,,,,,
Foraging,-4617,,0.789277637,,,,,,,,,,,,,,,
Foraging,-4518,,0.788542425,,,,,,,,,,,,,,,
Foraging,-4418,,0.7876358640000001,,,,,,,,,,,,,,,
Foraging,-4319,,0.7865463090000001,,,,,,,,,,,,,,,
Foraging,-4219,,0.785261642,,,,,,,,,,,,,,,
Foraging,-4120,,0.783769213,,,,,,,,,,,,,,,
Foraging,-4020,,0.782055772,,,,,,,,,,,,,,,
Foraging,-3921,,0.7801088979999999,,,,,,,,,,,,,,,
Foraging,-3821,,0.777926729,,,,,,,,,,,,,,,
Foraging,-3722,,0.775512124,,,,,,,,,,,,,,,
Foraging,-3622,,0.7728677509999999,,,,,,,,,,,,,,,
Foraging,-3523,,0.7699961209999999,,,,,,,,,,,,,,,
Foraging,-3423,,0.766899643,,,,,,,,,,,,,,,
Foraging,-3324,,0.7635806820000001,,,,,,,,,,,,,,,
Foraging,-3224,,0.760041605,,,,,,,,,,,,,,,
Foraging,-3125,,0.7562848440000001,,,,,,,,,,,,,,,
Foraging,-3025,,0.7523129409999999,,,,,,,,,,,,,,,
Foraging,-2926,,0.748128603,,,,,,,,,,,,,,,
Foraging,-2826,,0.7437347529999999,,,,,,,,,,,,,,,
Foraging,-2727,,0.739134574,,,,,,,,,,,,,,,
Foraging,-2627,,0.734331559,,,,,,,,,,,,,,,
Foraging,-2528,,0.729329558,,,,,,,,,,,,,,,
Foraging,-2428,,0.7241328140000001,,,,,,,,,,,,,,,
Foraging,-2329,,0.718746007,,,,,,,,,,,,,,,
Foraging,-2229,,0.713174289,,,,,,,,,,,,,,,
Foraging,-2130,,0.707423318,,,,,,,,,,,,,,,
Foraging,-2030,,0.701499282,,,,,,,,,,,,,,,
Foraging,-1931,,0.69540489,,,,,,,,,,,,,,,
Foraging,-1831,,0.6891004070000001,,,,,,,,,,,,,,,
Foraging,-1732,,0.682518702,,,,,,,,,,,,,,,
Foraging,-1632,,0.675589619,,,,,,,,,,,,,,,
Foraging,-1533,,0.668240305,,,,,,,,,,,,,,,
Foraging,-1433,,0.6603952120000001,,,,,,,,,,,,,,,
Foraging,-1334,,0.651976132,,,,,,,,,,,,,,,
Foraging,-1234,,0.642902317,,,,,,,,,,,,,,,
Foraging,-1135,,0.633090708,,,,,,,,,,,,,,,
Foraging,-1035,,0.622456343,,,,,,,,,,,,,,,
Foraging,-936,,0.6109227,,,,,,,,,,,,,,,
Foraging,-836,,0.598536807,,,,,,,,,,,,,,,
Foraging,-737,,0.585437491,,,,,,,,,,,,,,,
Foraging,-637,,0.571775471,,,,,,,,,,,,,,,
Foraging,-538,,0.55771097,,,,,,,,,,,,,,,
Foraging,-438,,0.543412211,,,,,,,,,,,,,,,
Foraging,-339,,0.529053316,,,,,,,,,,,,,,,
Foraging,-239,,0.514811812,,,,,,,,,,,,,,,
Foraging,-140,,0.500865961,,,,,,,,,,,,,,,
Foraging,-40,,0.487392171,,,,,,,,,,,,,,,
Foraging,59,,0.474555626,,,,,,,,,,,,,,,
Foraging,159,,0.462407521,,,,,,,,,,,,,,,
Foraging,258,,0.4509096079999999,,,,,,,,,,,,,,,
Foraging,358,,0.440018134,,,,,,,,,,,,,,,
Foraging,457,,0.429687045,,,,,,,,,,,,,,,
Foraging,557,,0.419868751,,,,,,,,,,,,,,,
Foraging,656,,0.410514757,,,,,,,,,,,,,,,
Foraging,756,,0.4015761779999999,,,,,,,,,,,,,,,
Foraging,855,,0.393004145,,,,,,,,,,,,,,,
Foraging,955,,0.384750139,,,,,,,,,,,,,,,
Foraging,1054,,0.376708732,,,,,,,,,,,,,,,
Foraging,1154,,0.367698126,,,,,,,,,,,,,,,
Foraging,1253,,0.3556376189999999,,,,,,,,,,,,,,,
Foraging,1353,,0.338576081,,,,,,,,,,,,,,,
Foraging,1452,,0.314887514,,,,,,,,,,,,,,,
Foraging,1552,,0.283644154,,,,,,,,,,,,,,,
Foraging,1651,,0.246608274,,,,,,,,,,,,,,,
Foraging,1751,,0.207582412,,,,,,,,,,,,,,,
Foraging,1850,,0.170334087,,,,,,,,,,,,,,,
Foraging Common,-8000,5.373831776,,,,,,,,,,,,,,,,
Foraging Common,-6000,8.411214953,,,,,,,,,,,,,,,,
Foraging Common,-4000,10.74766355,,,,,,,,,,,,,,,,
Foraging Common,-2000,11.68224299,,,,,,,,,,,,,,,,
Foraging Common,-1000,11.91588785,,,,,,,,,,,,,,,,
Foraging Common,0,10.51401869,,,,,,,,,,,,,,,,
Foraging Common,1000,11.21495327,,,,,,,,,,,,,,,,
Foraging Common,1550,9.112149533,,,,,,,,,,,,,,,,
Foraging Common,1800,9.813084112,,,,,,,,,,,,,,,,
Foraging Common,1900,11.21495327,,,,,,,,,,,,,,,,
Foraging Widespread,-8000,16.78200692,,,,,,,,,,,,,,,,
Foraging Widespread,-6000,15.22491349,,,,,,,,,,,,,,,,
Foraging Widespread,-4000,13.66782007,,,,,,,,,,,,,,,,
Foraging Widespread,-2000,10.89965398,,,,,,,,,,,,,,,,
Foraging Widespread,-1000,9.342560554,,,,,,,,,,,,,,,,
Foraging Widespread,0,8.823529412000001,,,,,,,,,,,,,,,,
Foraging Widespread,1000,7.439446367,,,,,,,,,,,,,,,,
Foraging Widespread,1550,7.785467128,,,,,,,,,,,,,,,,
Foraging Widespread,1800,6.055363322000001,,,,,,,,,,,,,,,,
Foraging Widespread,1900,3.979238754,,,,,,,,,,,,,,,,
France,-8000,,,Widespread,,,,Absent,,,,,,,,,,
France,-6000,,,Common,,,Minimal,Absent,,,,,,,,,,
France,-4000,,,Common,Common,Minimal,Common,Absent,,,,,,,,,,
France,-2000,,,Minimal,Common,Common,Widespread,Absent,,,,,,,,,,
France,-1000,,,Minimal,Common,Widespread,Widespread,Present,,,,,,,,,,
France,0,,,Minimal,Common,Widespread,Widespread,Present,-8000.0,-4000.0,-4000.0,1900.0,-4000.0,1900.0,-2000.0,1900.0,-1000.0,1900.0
France,1000,,,Minimal,Common,Widespread,Widespread,Present,,,,,,,,,,
France,1500,,,Minimal,Common,Widespread,Widespread,Present,,,,,,,,,,
France,1750,,,Minimal,Common,Widespread,Widespread,Present,,,,,,,,,,
France,1850,,,Minimal,Common,Widespread,Widespread,Present,,,,,,,,,,
Gabon,-8000,,,Widespread,,,,Absent,,,,,,,,,,
Gabon,-6000,,,Widespread,,,,Absent,,,,,,,,,,
Gabon,-4000,,,Widespread,,,,Absent,,,,,,,,,,
Gabon,-2000,,,Widespread,,,Minimal,Absent,,,,,,,,,,
Gabon,-1000,,,Common,Common,,Minimal,Absent,,,,,,,,,,
Gabon,0,,,Common,Widespread,Minimal,Minimal,Present,-8000.0,1900.0,-1000.0,1900.0,1550.0,1900.0,1000.0,1900.0,0.0,1900.0
Gabon,1000,,,Common,Widespread,Common,Minimal,Present,,,,,,,,,,
Gabon,1500,,,Common,Widespread,Common,Common,Present,,,,,,,,,,
Gabon,1750,,,Common,Widespread,Common,Common,Present,,,,,,,,,,
Gabon,1850,,,Common,Common,Widespread,Common,Present,,,,,,,,,,
Gambia,-8000,,,Widespread,,,,Absent,,,,,,,,,,
Gambia,-6000,,,Widespread,,,,Absent,,,,,,,,,,
Gambia,-4000,,,Widespread,,,,Absent,,,,,,,,,,
Gambia,-2000,,,Widespread,,,,Absent,,,,,,,,,,
Gambia,-1000,,,Widespread,,,,Absent,,,,,,,,,,
Gambia,0,,,Common,Widespread,Minimal,Widespread,Absent,-8000.0,1900.0,0.0,1900.0,0.0,1900.0,1000.0,1900.0,1550.0,1900.0
Gambia,1000,,,Common,Widespread,Common,Widespread,Split,,,,,,,,,,
Gambia,1500,,,Common,Common,Widespread,Widespread,Present,,,,,,,,,,
Gambia,1750,,,Common,Common,Widespread,Widespread,Present,,,,,,,,,,
Gambia,1850,,,Common,Common,Widespread,Widespread,Present,,,,,,,,,,
Georgia,-8000,,,Common,,,Minimal,Absent,,,,,,,,,,
Georgia,-6000,,,Common,Common,Minimal,Common,Absent,,,,,,,,,,
Georgia,-4000,,,Common,Common,Minimal,Common,Absent,,,,,,,,,,
Georgia,-2000,,,Common,Common,Common,Common,Present,,,,,,,,,,
Georgia,-1000,,,Common,Widespread,Widespread,Widespread,Present,,,,,,,,,,
Georgia,0,,,Common,Common,Common,Widespread,Present,-8000.0,1000.0,-6000.0,1000.0,-6000.0,1900.0,-2000.0,1900.0,-2000.0,1900.0
Georgia,1000,,,Common,Common,Common,Widespread,Present,,,,,,,,,,
Georgia,1500,,,Minimal,Minimal,Widespread,Widespread,Present,,,,,,,,,,
Georgia,1750,,,Minimal,Minimal,Common,Widespread,Present,,,,,,,,,,
Georgia,1850,,,Minimal,Minimal,Common,Common,Present,,,,,,,,,,
Germany,-8000,,,Widespread,,,,Absent,,,,,,,,,,
Germany,-6000,,,Widespread,,,Minimal,Absent,,,,,,,,,,
Germany,-4000,,,Common,Widespread,Common,Common,Absent,,,,,,,,,,
Germany,-2000,,,Minimal,Widespread,Widespread,Widespread,Absent,,,,,,,,,,
Germany,-1000,,,Minimal,Widespread,Widespread,Widespread,Absent,,,,,,,,,,
Germany,0,,,Minimal,Widespread,Widespread,Widespread,Present,-8000.0,-4000.0,-4000.0,1550.0,-4000.0,1900.0,-4000.0,1900.0,0.0,1900.0
Germany,1000,,,Minimal,Widespread,Widespread,Widespread,Present,,,,,,,,,,
Germany,1500,,,Minimal,Widespread,Widespread,Widespread,Present,,,,,,,,,,
Germany,1750,,,Minimal,Minimal,Widespread,Widespread,Present,,,,,,,,,,
Germany,1850,,,Minimal,Minimal,Widespread,Widespread,Present,,,,,,,,,,
Ghana,-8000,,,Widespread,,,,Absent,,,,,,,,,,
Ghana,-6000,,,Widespread,,,,Absent,,,,,,,,,,
Ghana,-4000,,,Widespread,,,,Absent,,,,,,,,,,
Ghana,-2000,,,Widespread,Minimal,,,Absent,,,,,,,,,,
Ghana,-1000,,,Widespread,Minimal,,,Absent,,,,,,,,,,
Ghana,0,,,Widespread,Common,,Minimal,Present,-8000.0,1900.0,0.0,1000.0,1000.0,1900.0,1000.0,1900.0,0.0,1900.0
Ghana,1000,,,Common,Common,Common,Common,Present,,,,,,,,,,
Ghana,1500,,,Common,Minimal,Common,Common,Present,,,,,,,,,,
Ghana,1750,,,Common,Minimal,Common,Common,Present,,,,,,,,,,
Ghana,1850,,,Common,Minimal,Widespread,Common,Present,,,,,,,,,,
Greece,-8000,,,Widespread,,,,Absent,,,,,,,,,,
Greece,-6000,,,Common,Common,,Common,Absent,,,,,,,,,,
Greece,-4000,,,Common,Common,Minimal,Widespread,Absent,,,,,,,,,,
Greece,-2000,,,Minimal,Common,Common,Widespread,Present,,,,,,,,,,
Greece,-1000,,,Minimal,Common,Widespread,Widespread,Present,,,,,,,,,,
Greece,0,,,Minimal,Widespread,Widespread,Widespread,Present,-8000.0,-4000.0,-6000.0,1900.0,-6000.0,1900.0,-2000.0,1900.0,-2000.0,1900.0
Greece,1000,,,Minimal,Common,Widespread,Widespread,Present,,,,,,,,,,
Greece,1500,,,Minimal,Common,Widespread,Widespread,Present,,,,,,,,,,
Greece,1750,,,Minimal,Common,Widespread,Widespread,Present,,,,,,,,,,
Greece,1850,,,Minimal,Common,Widespread,Widespread,Present,,,,,,,,,,
Greenland,-8000,,,,,,,Absent,,,,,,,,,,
Greenland,-6000,,,,,,,Absent,,,,,,,,,,
Greenland,-4000,,,,,,,Absent,,,,,,,,,,
Greenland,-2000,,,Minimal,,,,Absent,,,,,,,,,,
Greenland,-1000,,,Common,,,,Absent,,,,,,,,,,
Greenland,0,,,Common,,,,Absent,,,,,,,,,,
Greenland,1000,,,Common,,Minimal,Common,Absent,,,,,,,,,,
Greenland,1500,,,Common,,,,Absent,,,,,,,,,,
Greenland,1750,,,Common,,,Minimal,Absent,,,,,,,,,,
Greenland,1850,,,Common,,Minimal,Minimal,Absent,,,,,,,,,,
Grenada,-8000,,,,,,,Absent,,,,,,,,,,
Grenada,-6000,,,Minimal,,,,Absent,,,,,,,,,,
Grenada,-4000,,,Minimal,,,,Absent,,,,,,,,,,
Grenada,-2000,,,Common,Minimal,,,Absent,,,,,,,,,,
Grenada,-1000,,,Common,Minimal,,,Absent,,,,,,,,,,
Grenada,0,,,Widespread,Common,,,Absent,-2000.0,1900.0,0.0,1900.0,1900.0,1900.0,1800.0,1900.0,1800.0,1900.0
Grenada,1000,,,Widespread,Common,,,Absent,,,,,,,,,,
Grenada,1500,,,Widespread,Common,Minimal,,Absent,,,,,,,,,,
Grenada,1750,,,Common,Common,Widespread,Minimal,Present,,,,,,,,,,
Grenada,1850,,,Common,Common,Widespread,Common,Present,,,,,,,,,,
Guinea,-8000,,,Widespread,,,,Absent,,,,,,,,,,
Guinea,-6000,,,Widespread,,,,Absent,,,,,,,,,,
Guinea,-4000,,,Widespread,,,,Absent,,,,,,,,,,
Guinea,-2000,,,Widespread,,,,Absent,,,,,,,,,,
Guinea,-1000,,,Widespread,,,,Absent,,,,,,,,,,
Guinea,0,,,Widespread,Widespread,,,Absent,,,,,,,,,,
Guinea,1000,,,Widespread,Common,Common,,Present,,,,,,,,,,
Guinea,1500,,,Widespread,Minimal,Widespread,,Present,,,,,,,,,,
Guinea,1750,,,Widespread,Common,Widespread,,Present,,,,,,,,,,
Guinea,1850,,,Widespread,Common,Widespread,,Present,,,,,,,,,,
Guinea-Bissau,-8000,,,Widespread,,,,Absent,,,,,,,,,,
Guinea-Bissau,-6000,,,Widespread,,,,Absent,,,,,,,,,,
Guinea-Bissau,-4000,,,Widespread,,,,Absent,,,,,,,,,,
Guinea-Bissau,-2000,,,Widespread,,,,Absent,,,,,,,,,,
Guinea-Bissau,-1000,,,Widespread,,,,Absent,,,,,,,,,,
Guinea-Bissau,0,,,Common,Widespread,Minimal,Widespread,Absent,-8000.0,1900.0,0.0,1900.0,0.0,1900.0,1000.0,1900.0,1550.0,1900.0
Guinea-Bissau,1000,,,Common,Widespread,Common,Widespread,Split,,,,,,,,,,
Guinea-Bissau,1500,,,Common,Common,Widespread,Widespread,Present,,,,,,,,,,
Guinea-Bissau,1750,,,Common,Common,Widespread,Widespread,Present,,,,,,,,,,
Guinea-Bissau,1850,,,Common,Common,Widespread,Widespread,Present,,,,,,,,,,
Guyana,-8000,,,,,,,Absent,,,,,,,,,,
Guyana,-6000,,,Minimal,,,,Absent,,,,,,,,,,
Guyana,-4000,,,Minimal,,,,Absent,,,,,,,,,,
Guyana,-2000,,,Common,Minimal,,,Absent,,,,,,,,,,
Guyana,-1000,,,Common,Minimal,,,Absent,,,,,,,,,,
Guyana,0,,,Widespread,Common,,,Absent,-2000.0,1900.0,0.0,1900.0,1900.0,1900.0,1800.0,1900.0,1800.0,1900.0
Guyana,1000,,,Widespread,Common,,,Absent,,,,,,,,,,
Guyana,1500,,,Widespread,Common,Minimal,,Absent,,,,,,,,,,
Guyana,1750,,,Common,Common,Widespread,Minimal,Present,,,,,,,,,,
Guyana,1850,,,Common,Common,Widespread,Common,Present,,,,,,,,,,
Haiti,-8000,,,,,,,Absent,,,,,,,,,,
Haiti,-6000,,,Minimal,,,,Absent,,,,,,,,,,
Haiti,-4000,,,Minimal,,,,Absent,,,,,,,,,,
Haiti,-2000,,,Common,Minimal,,,Absent,,,,,,,,,,
Haiti,-1000,,,Common,Minimal,,,Absent,,,,,,,,,,
Haiti,0,,,Widespread,Common,,,Absent,-2000.0,1900.0,0.0,1900.0,1900.0,1900.0,1800.0,1900.0,1800.0,1900.0
Haiti,1000,,,Widespread,Common,,,Absent,,,,,,,,,,
Haiti,1500,,,Widespread,Common,Minimal,,Absent,,,,,,,,,,
Haiti,1750,,,Common,Common,Widespread,Minimal,Present,,,,,,,,,,
Haiti,1850,,,Common,Common,Widespread,Common,Present,,,,,,,,,,
Honduras,-8000,,,Common,,,,Absent,,,,,,,,,,
Honduras,-6000,,,Widespread,Minimal,,,Absent,,,,,,,,,,
Honduras,-4000,,,Widespread,Minimal,,,Absent,,,,,,,,,,
Honduras,-2000,,,Common,Common,,,Absent,,,,,,,,,,
Honduras,-1000,,,Widespread,Common,,,Absent,,,,,,,,,,
Honduras,0,,,Widespread,Widespread,Minimal,,Absent,-8000.0,1900.0,-2000.0,1900.0,1800.0,1900.0,1000.0,1900.0,1000.0,1900.0
Honduras,1000,,,Widespread,Widespread,Common,,Present,,,,,,,,,,
Honduras,1500,,,Widespread,Widespread,Minimal,,Present,,,,,,,,,,
Honduras,1750,,,Widespread,Widespread,Common,Common,Present,,,,,,,,,,
Honduras,1850,,,Common,Widespread,Widespread,Common,Present,,,,,,,,,,
Hungary,-8000,,,Widespread,,,,Absent,,,,,,,,,,
Hungary,-6000,,,Widespread,Common,,Common,Absent,,,,,,,,,,
Hungary,-4000,,,Widespread,Widespread,,Widespread,Absent,,,,,,,,,,
Hungary,-2000,,,Common,Widespread,,Widespread,Absent,,,,,,,,,,
Hungary,-1000,,,Minimal,Widespread,,Widespread,Absent,,,,,,,,,,
Hungary,0,,,Minimal,Widespread,,Widespread,Split,-8000.0,-2000.0,-6000.0,1900.0,-6000.0,1900.0,1800.0,1900.0,1550.0,1900.0
Hungary,1000,,,Minimal,Widespread,,Common,Split,,,,,,,,,,
Hungary,1500,,,Minimal,Widespread,Minimal,Widespread,Present,,,,,,,,,,
Hungary,1750,,,Minimal,Widespread,Common,Widespread,Present,,,,,,,,,,
Hungary,1850,,,Minimal,Widespread,Common,Widespread,Present,,,,,,,,,,
Iceland,-8000,,,,,,,Absent,,,,,,,,,,
Iceland,-6000,,,,,,,Absent,,,,,,,,,,
Iceland,-4000,,,,,,,Absent,,,,,,,,,,
Iceland,-2000,,,,,,,Absent,,,,,,,,,,
Iceland,-1000,,,,,,,Absent,,,,,,,,,,
Iceland,0,,,,,,,Absent,,,,,,,,,,
Iceland,1000,,,Common,Minimal,Common,Widespread,Absent,,,,,,,,,,
Iceland,1500,,,Widespread,Minimal,Common,Widespread,Absent,,,,,,,,,,
Iceland,1750,,,Common,Minimal,Common,Widespread,Absent,,,,,,,,,,
Iceland,1850,,,Common,Minimal,Common,Widespread,Present,,,,,,,,,,
India,-8000,,,Widespread,,,,Absent,,,,,,,,,,
India,-6000,,,Widespread,Minimal,,Common,Absent,,,,,,,,,,
India,-4000,,,Common,Common,Common,Widespread,Absent,,,,,,,,,,
India,-2000,,,Common,Common,Common,Widespread,Present,,,,,,,,,,
India,-1000,,,Common,Common,Common,Widespread,Present,,,,,,,,,,
India,0,,,Common,Common,Widespread,Widespread,Present,-8000.0,1000.0,-4000.0,1900.0,-6000.0,1900.0,-4000.0,1900.0,-2000.0,1900.0
India,1000,,,Common,Widespread,Widespread,Widespread,Present,,,,,,,,,,
India,1500,,,Minimal,Common,Widespread,Widespread,Present,,,,,,,,,,
India,1750,,,Minimal,Common,Widespread,Widespread,Present,,,,,,,,,,
India,1850,,,Minimal,Common,Widespread,Widespread,Present,,,,,,,,,,
Indonesia,-8000,,,Widespread,,,,Absent,,,,,,,,,,
Indonesia,-6000,,,Widespread,,,,Absent,,,,,,,,,,
Indonesia,-4000,,,Widespread,Minimal,,,Absent,,,,,,,,,,
Indonesia,-2000,,,Common,Minimal,,,Absent,,,,,,,,,,
Indonesia,-1000,,,Common,Common,,,Absent,,,,,,,,,,
Indonesia,0,,,Minimal,Widespread,Minimal,,Absent,,,,,,,,,,
Indonesia,1000,,,Minimal,Common,Common,,Present,,,,,,,,,,
Indonesia,1500,,,Minimal,Minimal,Widespread,,Present,,,,,,,,,,
Indonesia,1750,,,,Minimal,Widespread,,Present,,,,,,,,,,
Indonesia,1850,,,,Minimal,Widespread,,Present,,,,,,,,,,
Intensive Agriculture,-8000,,0.000401628,,,,,,,,,,,,,,,
Intensive Agriculture,-7901,,0.00045105,,,,,,,,,,,,,,,
Intensive Agriculture,-7801,,0.00050655,,,,,,,,,,,,,,,
Intensive Agriculture,-7702,,0.000568875,,,,,,,,,,,,,,,
Intensive Agriculture,-7602,,0.000638864,,,,,,,,,,,,,,,
Intensive Agriculture,-7503,,0.000717457,,,,,,,,,,,,,,,
Intensive Agriculture,-7403,,0.000805711,,,,,,,,,,,,,,,
Intensive Agriculture,-7304,,0.000904811,,,,,,,,,,,,,,,
Intensive Agriculture,-7204,,0.001016088,,,,,,,,,,,,,,,
Intensive Agriculture,-7105,,0.001141035,,,,,,,,,,,,,,,
Intensive Agriculture,-7005,,0.001281326,,,,,,,,,,,,,,,
Intensive Agriculture,-6906,,0.001438842,,,,,,,,,,,,,,,
Intensive Agriculture,-6806,,0.00161569,,,,,,,,,,,,,,,
Intensive Agriculture,-6707,,0.0018142339999999,,,,,,,,,,,,,,,
Intensive Agriculture,-6607,,0.002037127,,,,,,,,,,,,,,,
Intensive Agriculture,-6508,,0.002287341,,,,,,,,,,,,,,,
Intensive Agriculture,-6408,,0.00256821,,,,,,,,,,,,,,,
Intensive Agriculture,-6309,,0.002883467,,,,,,,,,,,,,,,
Intensive Agriculture,-6209,,0.003237298,,,,,,,,,,,,,,,
Intensive Agriculture,-6110,,0.0036343879999999,,,,,,,,,,,,,,,
Intensive Agriculture,-6010,,0.004079988,,,,,,,,,,,,,,,
Intensive Agriculture,-5911,,0.004579969,,,,,,,,,,,,,,,
Intensive Agriculture,-5811,,0.005140904,,,,,,,,,,,,,,,
Intensive Agriculture,-5712,,0.005770142,,,,,,,,,,,,,,,
Intensive Agriculture,-5612,,0.006475896,,,,,,,,,,,,,,,
Intensive Agriculture,-5513,,0.007267341,,,,,,,,,,,,,,,
Intensive Agriculture,-5413,,0.0081547169999999,,,,,,,,,,,,,,,
Intensive Agriculture,-5314,,0.009149448,,,,,,,,,,,,,,,
Intensive Agriculture,-5214,,0.010264262,,,,,,,,,,,,,,,
Intensive Agriculture,-5115,,0.011513333,,,,,,,,,,,,,,,
Intensive Agriculture,-5015,,0.012912421,,,,,,,,,,,,,,,
Intensive Agriculture,-4916,,0.0144790339999999,,,,,,,,,,,,,,,
Intensive Agriculture,-4816,,0.016232593,,,,,,,,,,,,,,,
Intensive Agriculture,-4717,,0.018194604,,,,,,,,,,,,,,,
Intensive Agriculture,-4617,,0.020388846,,,,,,,,,,,,,,,
Intensive Agriculture,-4518,,0.0228415529999999,,,,,,,,,,,,,,,
Intensive Agriculture,-4418,,0.025581608,,,,,,,,,,,,,,,
Intensive Agriculture,-4319,,0.028640722,,,,,,,,,,,,,,,
Intensive Agriculture,-4219,,0.03205362,,,,,,,,,,,,,,,
Intensive Agriculture,-4120,,0.035858192,,,,,,,,,,,,,,,
Intensive Agriculture,-4020,,0.040095639,,,,,,,,,,,,,,,
Intensive Agriculture,-3921,,0.04481056,,,,,,,,,,,,,,,
Intensive Agriculture,-3821,,0.050051007,,,,,,,,,,,,,,,
Intensive Agriculture,-3722,,0.055868462,,,,,,,,,,,,,,,
Intensive Agriculture,-3622,,0.062317724,,,,,,,,,,,,,,,
Intensive Agriculture,-3523,,0.069456697,,,,,,,,,,,,,,,
Intensive Agriculture,-3423,,0.077346034,,,,,,,,,,,,,,,
Intensive Agriculture,-3324,,0.086048626,,,,,,,,,,,,,,,
Intensive Agriculture,-3224,,0.0956289019999999,,,,,,,,,,,,,,,
Intensive Agriculture,-3125,,0.10615192,,,,,,,,,,,,,,,
Intensive Agriculture,-3025,,0.117682211,,,,,,,,,,,,,,,
Intensive Agriculture,-2926,,0.130282381,,,,,,,,,,,,,,,
Intensive Agriculture,-2826,,0.144011446,,,,,,,,,,,,,,,
Intensive Agriculture,-2727,,0.158922904,,,,,,,,,,,,,,,
Intensive Agriculture,-2627,,0.175062579,,,,,,,,,,,,,,,
Intensive Agriculture,-2528,,0.192466266,,,,,,,,,,,,,,,
Intensive Agriculture,-2428,,0.211157256,,,,,,,,,,,,,,,
Intensive Agriculture,-2329,,0.231143829,,,,,,,,,,,,,,,
Intensive Agriculture,-2229,,0.252416844,,,,,,,,,,,,,,,
Intensive Agriculture,-2130,,0.274947559,,,,,,,,,,,,,,,
Intensive Agriculture,-2030,,0.2986858639999999,,,,,,,,,,,,,,,
Intensive Agriculture,-1931,,0.32355907,,,,,,,,,,,,,,,
Intensive Agriculture,-1831,,0.349471443,,,,,,,,,,,,,,,
Intensive Agriculture,-1732,,0.376304581,,,,,,,,,,,,,,,
Intensive Agriculture,-1632,,0.403918762,,,,,,,,,,,,,,,
Intensive Agriculture,-1533,,0.43215526,,,,,,,,,,,,,,,
Intensive Agriculture,-1433,,0.460839605,,,,,,,,,,,,,,,
Intensive Agriculture,-1334,,0.489785673,,,,,,,,,,,,,,,
Intensive Agriculture,-1234,,0.518800395,,,,,,,,,,,,,,,
Intensive Agriculture,-1135,,0.54768887,,,,,,,,,,,,,,,
Intensive Agriculture,-1035,,0.576259564,,,,,,,,,,,,,,,
Intensive Agriculture,-936,,0.604329337,,,,,,,,,,,,,,,
Intensive Agriculture,-836,,0.631727991,,,,,,,,,,,,,,,
Intensive Agriculture,-737,,0.658302127,,,,,,,,,,,,,,,
Intensive Agriculture,-637,,0.6839181390000001,,,,,,,,,,,,,,,
Intensive Agriculture,-538,,0.7084642409999999,,,,,,,,,,,,,,,
Intensive Agriculture,-438,,0.731851523,,,,,,,,,,,,,,,
Intensive Agriculture,-339,,0.754014069,,,,,,,,,,,,,,,
Intensive Agriculture,-239,,0.774908248,,,,,,,,,,,,,,,
Intensive Agriculture,-140,,0.794511328,,,,,,,,,,,,,,,
Intensive Agriculture,-40,,0.812819567,,,,,,,,,,,,,,,
Intensive Agriculture,59,,0.8298459490000001,,,,,,,,,,,,,,,
Intensive Agriculture,159,,0.845617728,,,,,,,,,,,,,,,
Intensive Agriculture,258,,0.860173925,,,,,,,,,,,,,,,
Intensive Agriculture,358,,0.873562872,,,,,,,,,,,,,,,
Intensive Agriculture,457,,0.885839919,,,,,,,,,,,,,,,
Intensive Agriculture,557,,0.89706533,,,,,,,,,,,,,,,
Intensive Agriculture,656,,0.907302446,,,,,,,,,,,,,,,
Intensive Agriculture,756,,0.916616088,,,,,,,,,,,,,,,
Intensive Agriculture,855,,0.925071236,,,,,,,,,,,,,,,
Intensive Agriculture,955,,0.932731947,,,,,,,,,,,,,,,
Intensive Agriculture,1054,,0.939660515,,,,,,,,,,,,,,,
Intensive Agriculture,1154,,0.945916823,,,,,,,,,,,,,,,
Intensive Agriculture,1253,,0.951557886,,,,,,,,,,,,,,,
Intensive Agriculture,1353,,0.956637539,,,,,,,,,,,,,,,
Intensive Agriculture,1452,,0.961206254,,,,,,,,,,,,,,,
Intensive Agriculture,1552,,0.965311059,,,,,,,,,,,,,,,
Intensive Agriculture,1651,,0.968995541,,,,,,,,,,,,,,,
Intensive Agriculture,1751,,0.972299906,,,,,,,,,,,,,,,
Intensive Agriculture,1850,,0.975261092,,,,,,,,,,,,,,,
